YEAR,Records,Mean
2000,638,11.295141065830721
2001,679,11.20338733431517
2002,740,11.597162162162162
2003,820,11.470487804878047
2004,898,11.550222717149222
2005,1019,11.410304219823356
2006,968,11.280785123966941
2007,1043,11.416107382550335
2008,1079,11.260333642261353
2009,1092,11.24551282051282
2010,1021,10.92468168462292
2011,1076,10.922304832713754
2012,1081,10.736540240518039
2013,1058,10.380623818525521
2014,1040,10.089134615384616
2015,1132,10.979063604240283
2016,1110,10.81009009009009
2017,1058,10.865879017013233
2018,1083,10.845983379501385
2019,1056,10.868087121212122
2020,968,10.9698347107438
2021,941,11.088097768331561
2022,955,11.131727748691098
