VEHICLE CLASS,Records,Mean,Median,Standard_deviation,Minimum,Maximum
STATION WAGON - SMALL,877,8.735917901938427,8.7,1.462459688430481,4.6,15.0
COMPACT,3127,9.174928046050528,9.0,2.0603898002218144,3.7,17.9
MID-SIZE,2960,9.746824324324324,9.6,2.395101042955054,3.8,20.0
SUV - SMALL,1756,9.949088838268793,9.8,1.5854733252368958,5.8,16.5
SUBCOMPACT,2010,10.069253731343284,9.8,2.207390622472089,3.6,22.7
STATION WAGON - MID-SIZE,387,10.075710594315247,10.0,1.5691749586143644,4.5,16.5
MINICOMPACT,994,10.237826961770624,10.4,1.9942257294644021,5.1,18.6
SPECIAL PURPOSE VEHICLE,114,10.514035087719298,10.4,1.5707997620840362,8.0,14.7
PICKUP TRUCK - SMALL,511,11.438160469667318,11.4,1.2789286806845122,6.3,15.2
MINIVAN,408,11.440931372549018,11.1,1.7963424798353491,6.5,16.8
FULL-SIZE,1503,11.464604125083167,11.3,2.477528425031786,4.0,19.3
TWO-SEATER,1312,11.835823170731707,11.1,3.4851626564857696,3.6,26.1
SUV,2639,12.080257673361121,11.7,2.7049838472049945,6.1,23.2
SUV - STANDARD,1122,13.262032085561497,13.25,2.478799054354508,6.7,21.4
PICKUP TRUCK - STANDARD,2204,13.804764065335753,13.5,2.377726113222986,8.7,23.2
VAN - CARGO,332,15.501506024096386,14.6,2.341578241612913,11.3,20.4
VAN - PASSENGER,299,17.00468227424749,15.9,2.9634991135525985,12.4,26.1
